id,title,first_name,last_name,email,spend_on_food,dog_size,dog_gender,dog_age
1,Mrs,Frasquito,Dene,fdene0@dell.com,80.05,s,male,53
2,Ms,Lawrence,Kardos,lkardos1@diigo.com,66.3,xl,male,2
3,Rev,Lanna,Wintersgill,lwintersgill2@domainmarket.com,25.84,l,female,71
4,Rev,Richmound,Kimmitt,rkimmitt3@jiathis.com,50.76,m,male,9
5,Rev,Valeda,Dallender,vdallender4@theglobeandmail.com,83.41,xl,female,23
6,Honorable,Duky,Cavell,dcavell5@seesaa.net,80.18,xl,male,74
7,Rev,Neal,Gabbetis,ngabbetis6@admin.ch,98.59,l,male,46
8,Ms,Farrel,Swindin,fswindin7@printfriendly.com,64.2,s,male,84
9,Dr,Latrena,Heinsh,lheinsh8@i2i.jp,7.44,xl,female,69
10,Mrs,Josh,Daunay,jdaunay9@mysql.com,55.84,m,male,24
11,Mr,Gabbie,Caldeyroux,gcaldeyrouxa@ca.gov,30.25,l,female,60
12,Dr,Krystle,Fincke,kfinckeb@usatoday.com,58.37,xl,female,43
13,Dr,Agosto,Bewshaw,abewshawc@oaic.gov.au,45.7,xl,male,49
14,Ms,Regina,Sinson,rsinsond@stanford.edu,98.51,l,female,50
15,Dr,Nefen,Boch,nboche@webnode.com,62.45,l,male,82
16,Dr,Conn,Duffrie,cduffrief@arizona.edu,27.78,l,male,19
17,NA,Karoly,Buxcy,kbuxcyg@howstuffworks.com,68,xl,female,11
18,Ms,Wilow,Tremayle,wtremayleh@timesonline.co.uk,52.88,l,female,55
19,Ms,Brooks,Marde,bmardei@smugmug.com,58.36,xs,male,94
20,Mrs,Harrietta,Libbie,hlibbiej@house.gov,21.72,m,female,11
21,Mrs,Ephrayim,Misson,NA,86.15,xl,male,79
22,Dr,Cecilius,Dimock,cdimockl@symantec.com,44.67,xl,male,57
23,Mr,Abbe,Curle,acurlem@marketwatch.com,35,xl,female,11
24,Rev,Bald,Hars,bharsn@upenn.edu,NA,l,male,68
25,NA,Jay,Buckle,jbuckleo@archive.org,44.71,s,male,61
26,Ms,Malachi,Carillo,mcarillop@army.mil,19.96,xl,male,29
27,Honorable,Caldwell,Shawcross,cshawcrossq@icq.com,97.59,xs,male,97
28,Dr,Russell,Grewer,rgrewerr@bloglines.com,36.97,s,male,20
29,Ms,Wait,Morsley,wmorsleys@goo.ne.jp,20.2,xl,male,82
30,Mr,Mellicent,Larking,mlarkingt@engadget.com,80.75,xl,female,6
31,Dr,Martin,Nairy,mnairyu@biglobe.ne.jp,93.12,xl,male,95
32,Mr,Sergei,Roseaman,sroseamanv@facebook.com,17.59,xl,male,86
33,Mrs,Jock,Doonican,jdoonicanw@oaic.gov.au,40.47,xs,male,48
34,NA,Tera,Bresson,tbressonx@reddit.com,93.53,xl,female,15
35,Dr,Cobby,Massard,cmassardy@berkeley.edu,11.15,xl,male,41
36,Dr,Gale,Ollerhad,gollerhadz@walmart.com,7,xs,male,83
37,NA,Duffy,Heatley,dheatley10@independent.co.uk,91.42,xl,male,93
38,Rev,Inness,Mauvin,imauvin11@g.co,98.81,xl,male,NA
39,NA,Lorna,Ebbitt,lebbitt12@t.co,23.03,xl,female,50
40,Rev,Basilius,Hall,bhall13@cisco.com,68.98,xl,male,51
41,NA,Q,Dundendale,qdundendale14@naver.com,6.78,m,female,19
42,Mr,Maximo,De Hailes,mdehailes15@hao123.com,66.04,l,male,28
43,Rev,Linzy,Brigham,lbrigham16@51.la,50.86,l,female,40
44,Dr,Sayers,Brodeau,sbrodeau17@foxnews.com,43.13,xl,male,58
45,Mr,Neile,Kesper,nkesper18@blogs.com,NA,xs,female,41
46,Honorable,Brucie,Hallyburton,bhallyburton19@sakura.ne.jp,86.85,s,male,18
47,Dr,Sharron,Spradbery,sspradbery1a@de.vu,22.26,xs,female,97
48,NA,Benedetto,Sabie,bsabie1b@theguardian.com,46.71,xl,male,93
49,Honorable,Ricki,Haithwaite,rhaithwaite1c@ebay.com,53.35,NA,male,92
50,Rev,Raynell,Alker,ralker1d@forbes.com,13.42,xl,female,81
51,Honorable,Jedidiah,Basnett,jbasnett1e@unc.edu,40.24,xl,male,9
52,Ms,Talya,Brenston,tbrenston1f@sogou.com,99.55,m,female,45
53,NA,Jarrad,Rogerot,jrogerot1g@51.la,40.25,xl,male,86
54,Dr,Pavel,Danter,pdanter1h@purevolume.com,66.63,xl,male,3
55,Mr,Peggi,McRill,pmcrill1i@instagram.com,93.79,xs,female,16
56,Rev,Tabby,Balk,tbalk1j@123-reg.co.uk,82.74,m,female,85
57,Mr,Mathew,Thexton,mthexton1k@etsy.com,33.23,xl,unknown,86
58,Mrs,Tom,Dunrige,tdunrige1l@examiner.com,NA,xs,male,21
59,Mr,Noreen,Cousins,ncousins1m@posterous.com,96.87,m,female,30
60,NA,Penni,Fray,pfray1n@slate.com,43.07,xl,female,2
61,Ms,Marvin,Buxy,mbuxy1o@eventbrite.com,7.83,s,male,56
62,Mr,Engelbert,Sturge,esturge1p@mashable.com,16.65,xl,male,94
63,Rev,Mata,Georg,mgeorg1q@shareasale.com,69.33,l,male,98
64,Ms,Wendeline,Stockings,wstockings1r@marketwatch.com,66.72,xl,female,40
65,Dr,Des,McConway,dmcconway1s@techcrunch.com,98.14,xs,male,23
66,Mrs,Val,Groveham,vgroveham1t@craigslist.org,60.61,m,male,18
67,Dr,Jeremy,Lydiard,jlydiard1u@biblegateway.com,60.21,s,male,61
68,Ms,Flor,Gleadle,fgleadle1v@cdc.gov,92.45,xs,female,94
69,NA,Dixie,Vineall,dvineall1w@printfriendly.com,98.46,xs,female,79
70,Dr,Skyler,Filip,sfilip1x@myspace.com,29.03,xl,male,68
71,Mr,Tally,Bazely,tbazely1y@house.gov,97.82,xl,female,61
72,Honorable,Sib,Syddie,ssyddie1z@reverbnation.com,1.06,s,unknown,60
73,Rev,Dugald,Dreakin,ddreakin20@histats.com,20.94,xl,male,21
74,Ms,Bernette,Crigin,bcrigin21@blogtalkradio.com,66.29,l,female,32
75,Rev,Olive,Casale,ocasale22@mozilla.org,40.22,xs,female,7
76,Honorable,Miof mela,Joire,mjoire23@mlb.com,48.3,xl,female,39
77,Mr,Leanora,Sallowaye,lsallowaye24@51.la,33.25,xs,female,57
78,Dr,Odell,Benkin,obenkin25@phpbb.com,33.84,s,unknown,77
79,Rev,Ker,Leate,kleate26@lulu.com,8.45,s,unknown,67
80,Mr,Somerset,Bester,sbester27@stumbleupon.com,83.16,xs,male,33
81,Mr,Elmer,Sinden,esinden28@nifty.com,35.3,s,male,19
82,Honorable,Clerissa,Meryett,cmeryett29@reuters.com,97.43,m,female,37
83,NA,Manfred,Withull,NA,89.2,xs,male,98
84,Dr,Orelia,Clemenzo,oclemenzo2b@baidu.com,85.97,m,female,12
85,Honorable,Tova,Gilston,tgilston2c@macromedia.com,54.47,s,female,17
86,Rev,Ynez,Embery,yembery2d@merriam-webster.com,9.62,l,female,56
87,Mr,Jewel,Spellward,jspellward2e@webeden.co.uk,86.09,m,female,82
88,Rev,AL,Oland,aoland2f@umich.edu,7.11,xl,male,55
89,Mrs,Brendon,Prop,bprop2g@abc.net.au,13.72,xl,male,19
90,Mr,Nobie,Mauro,nmauro2h@sbwire.com,83.26,xl,male,71
91,Mr,Peterus,Dobney,pdobney2i@com.com,8.46,NA,male,57
92,Rev,Reube,Tandy,rtandy2j@walmart.com,50.32,s,male,69
93,Honorable,Randee,Aberchirder,raberchirder2k@parallels.com,20.58,l,female,NA
94,Honorable,Marris,Diche,mdiche2l@hatena.ne.jp,67.35,xl,female,79
95,Mr,Ollie,Creus,ocreus2m@hc360.com,86.89,xl,male,44
96,Dr,Munmro,Lehemann,mlehemann2n@ning.com,36.29,xl,male,41
97,Mr,Aggi,Coppen,acoppen2o@hc360.com,1.98,xl,female,90
98,Rev,Radcliffe,Kapelhoff,rkapelhoff2p@desdev.cn,90.54,xl,unknown,86
99,Honorable,Eloisa,Guterson,eguterson2q@wiley.com,98.35,l,female,36
100,Rev,Athena,Lisciandri,alisciandri2r@msu.edu,98.16,xs,female,4
101,Mr,Fredia,Ryves,fryves2s@ovh.net,64.15,xs,female,40
102,Ms,Bob,Tollow,btollow2t@dyndns.org,28.05,xl,male,79
103,Mrs,Randene,Scholler,rscholler2u@unesco.org,92.69,l,female,NA
104,Mr,Anna-maria,Stit,astit2v@unblog.fr,60.36,l,female,91
105,Mr,Leland,Vedishchev,lvedishchev2w@sfgate.com,14.06,xl,female,25
106,Mr,Samuel,Norheny,snorheny2x@icio.us,69.84,s,male,24
107,NA,Catriona,Goddard,cgoddard2y@youku.com,24.25,s,female,97
108,Rev,Laurens,Lorie,llorie2z@blog.com,92,xl,unknown,96
109,Mrs,Penny,Ashburner,pashburner30@fastcompany.com,69.98,xl,male,31
110,Mrs,Andres,Phuprate,aphuprate31@friendfeed.com,50.03,xl,male,28
111,Mrs,Tatum,Jouandet,tjouandet32@constantcontact.com,88.78,s,female,29
112,Dr,Mel,Primak,mprimak33@sitemeter.com,0.83,xl,unknown,54
113,Mr,Bald,Dreghorn,bdreghorn34@1688.com,8.46,l,male,22
114,Mr,Northrop,Gales,ngales35@51.la,78.74,xl,male,33
115,Dr,Letta,Spradbrow,lspradbrow36@g.co,NA,xs,female,57
116,Ms,Glenine,Rainsdon,grainsdon37@go.com,25.99,m,female,46
117,Mr,Kiri,Durrance,kdurrance38@ifeng.com,85.5,xl,unknown,35
118,Ms,Allianora,Pittendreigh,apittendreigh39@google.de,22.46,xs,female,65
119,Mrs,Keith,Dentith,kdentith3a@house.gov,-4.7,s,unknown,NA
120,Mrs,Anneliese,Andrus,aandrus3b@usa.gov,17.1,xl,female,76
121,Ms,Sonny,Nelsey,snelsey3c@nps.gov,10.42,xl,male,94
122,Dr,Gerald,Earp,gearp3d@hc360.com,NA,xl,male,18
123,Honorable,Stephan,Okenden,sokenden3e@businessweek.com,47.14,xl,male,26
124,Rev,Eldridge,Ponter,eponter3f@1und1.de,35.8,s,male,66
125,NA,Perice,Gilder,pgilder3g@va.gov,54.74,l,male,42
126,Mrs,Lilllie,Gretham,lgretham3h@amazonaws.com,83.31,xl,female,31
127,Ms,Perla,Karpushkin,pkarpushkin3i@google.com,55.04,l,female,99
128,Rev,Toma,Esgate,tesgate3j@soundcloud.com,55.1,s,female,90
129,Honorable,Beaufort,Dungay,bdungay3k@devhub.com,69.99,xl,male,51
130,Mrs,Drona,Coggen,dcoggen3l@constantcontact.com,5.62,xl,female,64
131,Honorable,Lelah,Bromley,lbromley3m@admin.ch,37.29,m,female,35
132,Rev,Melissa,Scutching,mscutching3n@indiegogo.com,15.76,xs,female,96
133,Ms,Theresa,Pidgen,tpidgen3o@people.com.cn,16.03,l,unknown,60
134,Dr,Tiebold,Siggin,tsiggin3p@dagondesign.com,99.77,xl,male,76
135,Mrs,Marinna,Brogiotti,mbrogiotti3q@163.com,17.71,s,female,30
136,Dr,Tobit,Paradis,tparadis3r@icq.com,25.42,l,male,16
137,Dr,Cori,Petrashov,cpetrashov3s@msu.edu,80.48,l,male,56
138,Mrs,Allard,Jobbins,ajobbins3t@bing.com,55.92,m,unknown,7
139,Honorable,Aarika,Wennington,awennington3u@harvard.edu,73.27,s,female,16
140,Rev,Fairfax,Wagon,fwagon3v@usa.gov,99.64,xl,male,97
141,NA,Kareem,Ibbison,kibbison3w@facebook.com,34.03,l,male,91
142,NA,Jaye,Aberkirdo,jaberkirdo3x@icq.com,36.39,xl,male,70
143,Dr,Enoch,Hug,ehug3y@house.gov,NA,xl,unknown,59
144,Honorable,Anatole,Meritt,ameritt3z@dyndns.org,92.73,s,male,5
145,Mrs,Craig,Poli,cpoli40@vinaora.com,65.03,xl,male,40
146,Dr,Mariska,Sleeny,msleeny41@posterous.com,78.06,xl,female,53
147,NA,Dillon,Nitto,dnitto42@tripod.com,78.78,xl,male,64
148,Mr,Crystie,Scrange,cscrange43@t.co,16.55,m,female,51
149,Ms,Clyde,Caldecott,ccaldecott44@amazonaws.com,9.17,xl,male,58
150,Mrs,Archy,Ondracek,aondracek45@pen.io,85.58,NA,male,2
151,NA,Tobit,Kelby,tkelby46@boston.com,61.34,NA,male,54
152,Honorable,Chan,Lossman,clossman47@archive.org,6.96,m,male,54
153,Honorable,Lawrence,Clemont,lclemont48@edublogs.org,57.6,xl,male,5
154,NA,Darryl,Marple,dmarple49@blog.com,79.11,s,female,33
155,Ms,Rubina,Pridie,rpridie4a@slashdot.org,21.32,xl,female,5
156,Mr,Monty,Budleigh,mbudleigh4b@deviantart.com,72.86,xl,unknown,74
157,Rev,Raina,Kemmett,rkemmett4c@walmart.com,25.2,l,female,49
158,Mr,Willdon,Wehnerr,wwehnerr4d@washington.edu,91.66,s,male,81
159,NA,Dolli,Coffee,dcoffee4e@zimbio.com,NA,s,female,73
160,Honorable,Marjy,Linklet,mlinklet4f@wordpress.comm,97.69,xl,female,27
161,Ms,Sayre,Khoter,skhoter4g@nasa.gov,NA,xs,male,48
162,Mrs,Dael,Rotherham,drotherham4h@live.com,NA,xl,female,14
163,Mrs,Sydney,Collman,scollman4i@instagram.com,NA,NA,female,65
164,Ms,Ilysa,Einchcombe,ieinchcombe4j@mysql.com,58.7,NA,female,13
165,NA,Myca,Holtaway,-,40.09,m,male,20
166,Dr,Evanne,Proughten,eproughten4l@wiley.com,12.28,xl,female,50
167,Rev,Gaylor,Colam,gcolam4m@noaa.gov,NA,m,male,32
168,Mr,Wenonah,Quinlan,wquinlan4n@amazon.co.jp,90.33,l,female,69
169,NA,Garrett,Maddams,gmaddams4o@twitter.com,16.29,xl,male,37
170,Honorable,Lori,Rasper,lrasper4p@wunderground.comm,62.96,m,female,38
171,Mr,Midge,McCurrie,mmccurrie4q@illinois.edu,NA,xs,female,24
172,Ms,C-J,Bulle,cbulle4r@weebly.com,69.09,s,female,40
173,Ms,Lyndsay,Szreter,lszreter4s@discovery.com,99.76,xl,female,18
174,Mrs,Levy,Howels,lhowels4t@vkontakte.ru,100,NA,unknown,NA
175,Rev,Malachi,Jane,mjane4u@yelp.com,8.82,xl,male,71
176,Rev,Rodina,Carrack,rcarrack4v@utexas.edu,16.29,xl,female,82
177,Ms,Mitch,Bonnick,mbonnick4w@cafepress.com,62.62,xl,male,3
178,NA,Cyrille,Redmile,credmile4x@github.com,49.26,xl,male,29
179,Mr,Roselia,Bosnell,rbosnell4y@bloglines.com,41.11,s,female,3
180,Mrs,Laughton,Kingsmill,lkingsmill4z@slideshare.net,20,s,unknown,5
181,Mr,Aubrette,Yglesia,ayglesia50@vinaora.com,18.94,xl,female,99
182,Rev,Ethelda,Belverstone,ebelverstone51@scribd.com,46.09,m,female,95
183,Dr,Haily,Lockart,hlockart52@com.com,26.8,xs,female,44
184,Ms,Nicolis,Sieb,nsieb53@constantcontact.com,43.57,m,male,38
185,Honorable,Stefanie,Winks,swinks54@multiply.com,NA,s,female,18
186,Honorable,Bobbe,Clemitt,bclemitt55@pinterest.com,NA,m,female,83
187,Honorable,Atalanta,McGloughlin,amcgloughlin56@soundcloud.com,16.72,xl,female,27
188,Honorable,Serene,Perfili,sperfili57@cyberchimps.com,54,m,female,38
189,Honorable,Daniela,Matushevich,dmatushevich58@opera.com,NA,xs,female,45
190,Dr,Doug,Kee,dkee59@ebay.com,77.08,xs,male,71
191,Ms,Forster,Flahive,fflahive5a@archive.org,10.1,m,male,12
192,Ms,Charmain,Sandercroft,csandercroft5b@myspace.com,19.36,xs,female,90
193,Honorable,Lonnie,Crawley,lcrawley5c@storify.com,54.45,xl,male,66
194,Rev,Briana,Huttley,bhuttley5d@ning.com,59.3,s,female,41
195,Mrs,Jamima,Lisciardelli,jlisciardelli5e@blog.com,31.44,xs,female,29
196,Rev,Cassondra,Gresswell,cgresswell5f@ucsd.edu,36.32,xl,female,32
197,Mr,Tildie,Cary,tcary5g@ask.com,NA,s,female,16
198,Honorable,Rudd,Kendal,rkendal5h@storify.com,91.45,xl,male,43
199,Mr,Abeu,Kirkbride,akirkbride5i@is.gd,10.02,xl,male,10
200,Ms,Cirillo,Langsdon,clangsdon5j@indiegogo.com,41.31,xs,male,75
201,Ms,Audrie,Hindes,ahindes5k@tuttocitta.it,48,xl,female,85
202,Dr,Garald,Dudson,gdudson5l@aol.com,18.99,m,male,16
203,Honorable,Flore,Sikora,fsikora5m@businessweek.com,4.19,s,female,42
204,Dr,Thadeus,Starbeck,tstarbeck5n@lulu.com,-64.99,l,male,86
205,Mrs,Reine,Janata,rjanata5o@woothemes.com,28.16,s,female,57
206,Mr,Hazel,Gypps,hgypps5p@youtu.be,33.18,xs,male,30
207,Dr,Corette,Geaney,cgeaney5q@bloomberg.comm,63.6,m,female,14
208,Honorable,Huberto,Fforde,NA,36.93,s,unknown,26
209,Mrs,Jerri,Burgane,jburgane5s@alibaba.com,45.43,m,male,39
210,Honorable,Waldon,Kirman,wkirman5t@theguardian.com,69.97,s,male,49
211,Mr,Yank,Pears,ypears5u@istockphoto.com,85.36,xl,male,22
212,Mr,Alessandro,Winder,awinder5v@woothemes.com,28.43,xl,male,53
213,Mrs,Radcliffe,Shillinglaw,rshillinglaw5w@altervista.org,60.02,s,male,14
214,Mr,Ray,Dron,rdron5x@flickr.com,45.9,xl,male,70
215,Mrs,Derrek,Cunde,dcunde5y@ucoz.ru,29.3,xl,male,100
216,Mr,Lyndsey,Aleveque,laleveque5z@gravatar.com,44.3,s,female,80
217,Ms,Hector,Bett,hbett60@qq.com,76.54,xl,male,98
218,Mr,Bertha,Swetland,bswetland61@histats.com,13.31,m,female,65
219,Rev,Vere,Leddie,vleddie62@mediafire.com,99.91,xs,female,43
220,Dr,Moe,Pristnor,mpristnor63@mashable.com,36,xl,male,49
221,Dr,Lilia,Fellini,lfellini64@dell.com,97.8,xl,female,66
222,Mr,Hillary,Fisbey,hfisbey65@marketwatch.com,67.24,s,female,52
223,Mrs,Nona,Macconachy,nmacconachy66@icio.us,NA,xl,female,94
224,Rev,Cris,Peschmann,cpeschmann67@meetup.com,70.81,s,female,44
225,Ms,Sandy,Emson,semson68@mac.com,69.41,xl,female,23
226,Dr,Saree,Oddie,soddie69@zimbio.com,95.79,xl,unknown,2
227,Mrs,Palm,Filyaev,pfilyaev6a@cdbaby.com,21.36,s,male,56
228,Honorable,Munmro,Van der Brug,mvanderbrug6b@apple.com,19.11,l,male,91
229,Rev,Job,Benettini,jbenettini6c@vimeo.com,87.69,xl,male,1
230,Rev,Grant,Baile,gbaile6d@google.ru,36.13,xl,male,63
231,Rev,Nissy,Buret,nburet6e@a8.net,51.1,s,female,41
232,Ms,Alisa,Kilbee,akilbee6f@businessweek.com,50.67,xl,female,85
233,Dr,Nolie,Radoux,nradoux6g@slate.com,21.89,xl,female,28
234,NA,Corbet,Munkley,cmunkley6h@51.la,77.07,s,male,97
235,Rev,Mireielle,Hrinchishin,mhrinchishin6i@auda.org.au,91.75,xl,female,58
236,Honorable,Selestina,Readhead,sreadhead6j@scribd.com,3.97,m,female,41
237,Ms,Penelope,Stubbs,pstubbs6k@businesswire.com,75.9,m,female,9
238,NA,Amalie,Hamber,ahamber6l@foxnews.com,8.8,m,female,94
239,Honorable,Loy,Haugeh,lhaugeh6m@google.ru,28.63,xl,male,56
240,Mr,Bonnee,Spraberry,bspraberry6n@paginegialle.it,81.85,s,female,43
241,Mr,Julina,Whitemarsh,jwhitemarsh6o@indiegogo.com,19.81,l,female,39
242,NA,Benn,McGee,bmcgee6p@yahoo.co.jp,71.81,xl,male,98
243,Mrs,Nealson,Beere,nbeere6q@state.tx.us,91.92,xl,male,76
244,NA,Daven,Hulbert,dhulbert6r@ft.com,39.51,m,male,6
245,NA,Madeline,Trotter,mtrotter6s@github.com,82.82,s,unknown,17
246,Ms,Corine,Ubanks,cubanks6t@arizona.edu,42.42,xl,female,58
247,Honorable,Ermanno,O'Heffernan,eoheffernan6u@liveinternet.ru,14.93,xl,male,76
248,Honorable,Lock,Vickerstaff,lvickerstaff6v@freewebs.com,NA,l,male,17
249,Mr,Winslow,Rembrandt,wrembrandt6w@va.gov,93.26,l,male,50
250,Dr,Trevar,Galway,tgalway6x@elpais.com,94.02,xl,male,100
251,Mrs,Rivkah,Carter,rcarter6y@answers.com,46.12,l,female,94
252,Mrs,Forester,Tulk,ftulk6z@dmoz.org,61.58,l,male,11
253,Mrs,Sarine,Ferenczi,sferenczi70@angelfire.com,23.26,xl,female,30
254,Ms,Gianni,Adaway,gadaway71@vk.com,57.11,xl,male,11
255,Dr,James,Ulyatt,julyatt72@qq.com,52.77,xl,male,79
256,Mr,Robby,Jacklings,rjacklings73@symantec.com,68.49,xs,male,79
257,Honorable,Gabe,Segges,gsegges74@wufoo.com,49.27,xl,male,19
258,NA,Curry,Clackson,cclackson75@europa.eu,51.55,NA,male,93
259,Rev,Emmery,Po,epo76@ibm.com,21.03,xl,male,45
260,Mr,Lian,Lelliott,llelliott77@nasa.gov,72.19,s,female,41
261,Mrs,Ross,Cockshutt,rcockshutt78@aol.comm,33.89,xl,male,7
262,Mr,Yank,Driffill,ydriffill79@yellowpages.com,43.62,l,male,45
263,Rev,Robbin,Antwis,rantwis7a@hhs.gov,3.91,xl,female,19
264,Mr,Gale,Bech,gbech7b@home.pl,54.72,xl,female,98
265,Mr,Dulsea,Normavell,dnormavell7c@nationalgeographic.com,85.14,l,female,48
266,Ms,Idelle,Dudman,idudman7d@youku.com,84.84,xl,female,14
267,NA,Viole,Maggorini,vmaggorini7e@bloomberg.com,89.24,xs,unknown,47
268,Dr,Ingmar,Lamminam,ilamminam7f@phpbb.com,33.3,xl,male,60
269,Rev,Devland,Carefull,dcarefull7g@shareasale.commmm,67.45,xl,male,37
270,Dr,Ford,Growcock,fgrowcock7h@histats.com,22.35,s,male,80
271,Mrs,Dona,Barby,dbarby7i@plala.or.jp,13.13,l,female,79
272,Honorable,Gusty,Ezzle,gezzle7j@wikimedia.org,27.54,xl,female,34
273,Mrs,Marrilee,Berens,mberens7k@meetup.com,74.72,l,female,2
274,Honorable,Michelina,Fellis,mfellis7l@slideshare.net,98.04,s,unknown,65
275,Ms,Tabor,Henniger,thenniger7m@chicagotribune.com,40.4,l,male,35
276,Ms,Henryetta,Charte,hcharte7n@webeden.co.uk,97.25,xl,female,2
277,Rev,Henka,Trace,htrace7o@guardian.co.uk,57.98,NA,female,44
278,Dr,Letitia,Chomicz,lchomicz7p@sciencedirect.com,68.3,m,female,72
279,Rev,Millicent,Minucci,mminucci7q@google.fr,2.82,s,female,20
280,Ms,Beryle,Rudgley,brudgley7r@trellian.com,35.49,m,female,18
281,Honorable,Andie,Nisard,anisard7s@pagesperso-orange.fr,9.31,m,male,38
282,Mrs,Elvira,Beardshall,ebeardshall7t@intel.com,16.29,xl,female,49
283,Mrs,Hadlee,O'Regan,horegan7u@phoca.cz,50.07,NA,male,23
284,Rev,Corina,Seabrook,cseabrook7v@cnbc.com,NA,xl,female,60
285,Mrs,Rozanna,Chitham,rchitham7w@google.com,4.58,l,female,18
286,Honorable,Harli,Cusack,hcusack7x@biglobe.ne.jp,89.56,xl,female,34
287,Mr,Yevette,Swalwel,yswalwel7y@deliciousdays.com,45.49,xl,female,60
288,Ms,Roslyn,Brosh,rbrosh7z@example.com,46.95,s,female,28
289,Rev,Tallulah,Lees,tlees80@spotify.com,25.32,xl,female,40
290,Rev,Lishe,Hampshire,lhampshire81@studiopress.com,NA,xl,female,66
291,Ms,Jorie,Stoate,jstoate82@nba.com,5.29,xs,female,61
292,Mr,Blondelle,Klaus,bklaus83@usgs.gov,67.83,m,female,99
293,NA,Aubert,Merryfield,amerryfield84@seesaa.net,69.39,l,male,49
294,Mrs,Elwood,Burfoot,eburfoot85@illinois.edu,37.97,l,male,62
295,Honorable,Felizio,Chatwin,fchatwin86@clickbank.net,48.94,m,male,29
296,Ms,Blake,Pryce,bpryce87@nasa.gov,71.83,xl,female,94
297,Mrs,Damita,Fogden,dfogden88@fema.gov,94.69,l,unknown,20
298,Honorable,Vladamir,Aynscombe,vaynscombe89@guardian.co.uk,0.12,xl,male,55
299,Mr,Coralie,Gossington,cgossington8a@tumblr.com,82.34,xl,female,42
300,Mrs,Francoise,Corain,fcorain8b@apache.org,49.36,s,unknown,79
